{
    "top-1": 0.3681581464555213,
    "top-3": 0.51567647996599,
    "top-5": 0.5821022425337443
}